title,link,source,published_str,pub_date,doi,last_author,abstract,abstract_source,must_have_abstract
Epigenomic modifications define chromatin states to regulate cell-free DNA fragmentomics,https://www.nature.com/articles/s41467-026-75640-2,Biological sciences : Nature Communications subject feeds,2026-07-18 00:00:00 UTC,2026-07-18 00:00:00+00:00,,Kun Sun,"Plasma cell-free DNA (cfDNA) fragmentomics offer promising cancer biomarkers, but their molecular regulation remains elusive. Here, we investigate the role of epigenomic modifications in cfDNA fragmentation. We identify strong correlations between cfDNA fragmentomic features and various epigenetic marks measured in cfDNA. We further segment the genome into different chromatin states using histone modification signals, revealing consistent associations with cfDNA fragmentomics. The association is further validated by histone modifier perturbation experiments, confirming chromatin organization as a key regulator of cfDNA fragmentation. CfDNA fragmentomic features associated with Transposon Elements (TEs) outperform genome-wide metrics in cancer diagnosis, reflecting cancer type-specific patterns. Leveraging these insights, we develop TEANA (Transposon Element Analysis in cfDNA), an AI-empowered model using a small set of TE fragmentomic features for pan-cancer detection and tumor-origin prediction, achieving robust performance across independent cohorts. Hence, chromatin states drive cfDNA fragmentation, and dysregulated TEs provide highly informative biomarkers for cancer diagnosis.",nature_html,0
Convergent genomic trajectories shape adaptation to life on land across animal lineages,https://www.nature.com/articles/s41467-026-75551-2,Biological sciences : Nature Communications subject feeds,2026-07-18 00:00:00 UTC,2026-07-18 00:00:00+00:00,,Rosa Fernández,"How animals repeatedly adapted to life on land is a central question in evolutionary biology. While terrestrialisation occurred independently across animal phyla, it remains unclear whether shared genomic mechanisms underlie these transitions. Here, we combine large-scale comparative genomics, machine learning, and multi-omics data, including proteomics and transcriptomics from stress experiments relevant to terrestrial environmental challenges in 17 species, to investigate the genomic basis of animal terrestrial adaptation. Gene co-expression networks reveal that genes relevant to stress are largely lineage-specific, yet converge in function through the co-option of gene families pre-dating terrestrialisation events. Phylogenomic and machine learning analyses support a dominant role for early-evolving genes, enriched in stress-related functions, paired with a higher gene loss than gain at terrestrialisation nodes. Our findings support a model of lineage-specific genomic changes involving mostly conserved genes that converged at the functional level during the independent transitions to terrestrial life.",nature_html,0
Chemotherapy-induced senescence promotes stroma stiffness and antioxidant adaptation to promote chemoresistance in pancreatic ductal adenocarcinoma,https://www.nature.com/articles/s41467-026-75772-5,Biological sciences : Nature Communications subject feeds,2026-07-18 00:00:00 UTC,2026-07-18 00:00:00+00:00,,Yinmo Yang,"Chemoresistance in pancreatic ductal adenocarcinoma (PDAC) is partly driven by pathological stromal remodeling, yet the underlying mechanisms remain poorly understood. Here, we show that gemcitabine treatment induces tumor cell senescence and activates cancer-associated fibroblasts via the senescence-associated secretory phenotype, leading to progressive fibrotic matrix stiffening. This biomechanical reprogramming engages the mechanosensitive ion channel Piezo1, triggering metabolic rewiring that renders BRG1-positive tumor cells increasingly dependent on NRF2-mediated antioxidant defenses. Piezo1 signaling promotes NRF2 nuclear translocation and its chromatin-remodeling cooperation with BRG1, thereby upregulating SLC7A11-dependent antioxidant programs and suppressing ferroptosis. Notably, the combination of the senolytic agent ABT-263 with the ferroptosis inducer Erastin effectively dismantles BRG1–NRF2-driven gemcitabine resistance, alleviates stromal fibrosis, enhances T-cell infiltration, and suppresses tumor growth in vivo. This senolytic–ferroptosis approach exploits metabolic vulnerabilities in chemotherapy-aged PDAC and provides a mechanistic rationale for stroma-targeted combination therapies.",nature_html,0
Process-integrated engineered resting cells for biocatalytic production of rare natural sugars from sole methanol molecules,https://www.nature.com/articles/s41467-026-75664-8,Biological sciences : Nature Communications subject feeds,2026-07-18 00:00:00 UTC,2026-07-18 00:00:00+00:00,,Yujie Xiong,"The biocatalytic conversion of green methanol, a promising feedstock, into high value-added products is seen as an attractive way to establish sustainable biomanufacturing. Although natural and engineered microorganisms can utilize methanol, efficiently converting C1 carbon into valuable chemicals in growing cells remains challenging because non-native pathways often suffer from low carbon utilization and limited catalytic stability. Here, we report the integration of an engineered enzyme cascade into resting cells and its coupling with a screened alcohol oxidase enzyme to develop an efficient and stable enzyme-resting cell cascade system for methanol conversion, achieving customizable production of L-erythrulose (C4 sugar) or L-sorbose (C6 sugar). This system shows a stimulated carbon atom economy for L-erythrulose production from methanol and significantly improved stability compared to free enzyme catalysis. By integrating enzyme cascades with durable resting cells, this strategy provides a versatile platform for converting methanol and other C1 substrates into value-added products.",nature_html,0
Human imprints on global riverfronts,https://www.nature.com/articles/s41467-026-75777-0,Scientific community and society : Nature Communications subject feeds,2026-07-18 00:00:00 UTC,2026-07-18 00:00:00+00:00,,Tamlin M. Pavelsky,"Rivers are profoundly shaped by human activity along their water-land interfaces (riverfronts), yet the global distribution and drivers of these imprints remain poorly understood. Here we present a high-resolution global map of 7.52 million kilometers of riverfronts using satellite imagery and deep learning. We find that nearly 20% of global riverfronts are anthropogenically modified, primarily by agriculture (13.43%) and built-up areas (6.29%). A distinct modification belt spans parts of Africa and Eurasia, accounting for ~60% of global alterations, with imprint densities six times higher than elsewhere. This lateral fragmentation represents a pervasive human pressure that differs fundamentally from dam-induced longitudinal fragmentation, and is closely linked to deteriorating water quality and biodiversity threats. Environmental constraints and region-specific socio-economic dependencies further shape these spatial patterns. Our findings inform riverfront management and underscore the urgent need to reconcile development with the ecological integrity of these transitional zones.",nature_html,0
Engineering microbial consortia for distributed signal processing,https://www.nature.com/articles/s41467-026-75739-6,Physical sciences : Nature Communications subject feeds,2026-07-18 00:00:00 UTC,2026-07-18 00:00:00+00:00,,Lingchong You,"A central goal in biology is to infer input signals from measurable readouts. Engineered biosensors are usually built to respond selectively to single inputs, so crosstalk between sensors must be removed through laborious, context-specific orthogonalization. Here we show that multiplexed concentrations can be inferred without eliminating crosstalk. We distribute sensing across a microbial community and decode its time-resolved collective response, which can disambiguate combinations of chemical inputs even when individual sensors show crosstalk or respond indirectly. A computational framework coupling kinetic modeling with machine learning maps these community dynamics to input concentrations. We demonstrate quantitative inference in communities with low or high sensor crosstalk, in communities that respond only indirectly to antibiotic combinations, and in pooled hospital sink water spiked with target analytes. By tolerating non-orthogonal, cross-reactive, and indirect responses, distributed dynamic sensing broadens the range of biological systems usable for multiplexed measurement, wherever input combinations produce reproducible, distinguishable response trajectories.",nature_html,0
Refractory inclusions in Bennu samples indicative of outer Solar System accretion,https://www.nature.com/articles/s41467-026-73868-6,Earth and environmental sciences : Nature Communications subject feeds,2026-07-18 00:00:00 UTC,2026-07-18 00:00:00+00:00,,Dante S. Lauretta,"NASA’s OSIRIS-REx mission returned material from the carbonaceous asteroid Bennu, which is dominated by aqueous-alteration products but preserves rare high-temperature components. Here we present an integrated petrographic, oxygen-isotopic and 26Al–26Mg chronological characterization of refractory inclusions in Bennu samples. All identified inclusions are small (26Al–26Mg systematics demonstrate formation during the earliest stage of Solar System evolution and genetic affinity with refractory inclusions in asteroid Ryugu samples and chondritic meteorites. The shared refractory-inclusion signatures across diverse chondritic materials are consistent with widespread outward transport and mixing of early-formed inner-disk solids. In Bennu samples analyzed thus far, large (>submillimeter) refractory inclusions are absent, in contrast to most carbonaceous chondrites. This size distribution implies that Bennu’s constituents accreted in the outer Solar System beyond the pressure bump associated with proto-Jupiter, which effectively filtered distinct dust populations.",nature_html,0
Enhanced nuclear fusion in the sub-keV energy regime,https://www.nature.com/articles/s41467-026-74421-1,Physical sciences : Nature Communications subject feeds,2026-07-18 00:00:00 UTC,2026-07-18 00:00:00+00:00,,Jeremy N. Munday,"Nuclear fusion requires overcoming or traversing a repulsive Coulomb barrier of hundreds of kiloelectronvolts, rendering the probability of fusion at sub-keV energies vanishingly small. Yet in condensed matter, the electronic and structural environment of reacting nuclei can profoundly alter fusion rates. Here we demonstrate that deuterium–deuterium fusion within metallic foils exhibits a pronounced reaction yield plateau (i.e., a finite, non-vanishing yield floor) below 2 keV—in stark contrast to the expected exponential suppression at low energy. At the lowest energies measured, this corresponds to fusion yields enhanced by more than 10¹⁸ relative to bare-nucleus (unscreened) expectations. Using a dual-chamber platform that combines electrochemical deuterium loading with low-energy ion-beam bombardment, we observe this behavior in both palladium and titanium hydrides. These results reveal a previously unrecognized regime of low-energy nuclear reactions in solids, demonstrating that materials degrees of freedom can fundamentally renormalize tunneling probabilities and fusion cross-sections.",nature_html,0
Reconfigurable optical arithmetic logic unit and its applications,https://www.nature.com/articles/s41467-026-75750-x,Physical sciences : Nature Communications subject feeds,2026-07-18 00:00:00 UTC,2026-07-18 00:00:00+00:00,,Yonghui Tian,"The growing constraints of Moore’s Law have fundamentally impeded further advancement in the energy efficiency of conventional electronic integrated circuits. In response, integrated photonics has emerged as a promising solution due to its exceptional bandwidth and ultralow latency. Optical digital computing based on integrated photonics offers inherent advantages in operation speed and energy efficiency compared to electronic digital schemes. However, implementing multi-functional arithmetic logic primitives on photonic chips still face a considerable challenge, and the reported works are mainly limited to basic logic gates or isolated computing modules rather than reconfigurable computational systems. Here, we report a reconfigurable optical computing architecture utilizing silicon-based microring modulators, which can implement reconfigurable basic logic operations and various arithmetic logic units, including 2-bit adder, subtractor and digital comparator. The experimental results demonstrate high computational density of 528 Gb/s/mm2 and energy efficiency of 12.36 fJ/bit at the operation speed of 20 Gb/s. The proposed device’s practical viability is further demonstrated through multiple application scenarios including data encryption and image processing.",nature_html,0
"Immune correlates of risk for SARS-CoV-2 infection in children: a prospective, community-based cohort study",https://www.nature.com/articles/s41467-026-74684-8,Biological sciences : Nature Communications subject feeds,2026-07-18 00:00:00 UTC,2026-07-18 00:00:00+00:00,,Marco Carone,"Few studies have characterized immune correlates of SARS-CoV-2 infection risk in children, particularly those with hybrid immunity from vaccination and prior infection. We conduct a prospective community-based cohort study of 1509 U.S. children (2022–2024), performing weekly SARS-CoV-2 PCR testing and measuring baseline binding and neutralizing antibody titers against multiple variants. Higher antibody levels, notably nucleocapsid-binding and Omicron-specific neutralizing antibodies, are significantly associated with reduced risk of SARS-CoV-2 infection after adjusting for age, recent infection, exposure settings, and temporal trends (adjusted hazard ratios ranging from 0.60 to 0.87 per positive unit difference in log10-fold antibody level (AU/mL)). Secondary analyses suggest these findings are robust to multiple stratifications of SARS-CoV-2 immune status, are relevant across different pediatric age groups, and appear to apply to both overall and symptomatic infection risk. Together, the results suggest that specific antibodies can predict relative infection risk in pediatric populations with diverse immune histories. Understanding these immune correlates may inform tailored vaccination strategies and risk assessments as SARS-CoV-2 continues to evolve.",nature_html,0
Frequency-dependent effects of motor thalamus deep brain stimulation on speech and swallowing,https://www.nature.com/articles/s41467-026-75588-3,Biological sciences : Nature Communications subject feeds,2026-07-18 00:00:00 UTC,2026-07-18 00:00:00+00:00,,Elvira Pirondini,"Speech and swallowing are complex motor sequences driven by cortico-bulbar communication between motor cortex and cranial muscles. Damage to these pathways impairs strength and control of orofacial muscles, causing chronic dysarthria and dysphagia that increase social isolation, aspiration risks, and mortality. We show that motor thalamus Deep Brain Stimulation (DBS) can improve these functions after traumatic brain injury (TBI). First, we demonstrated that low-frequency DBS (50-80 Hz) facilitates activation of cortico-bulbar fibers, immediately potentiating motor output in n = 8 participants with intact pathways. In a participant who sustained a TBI resulting in chronic moderate dysphagia and severe dysarthria, low-frequency DBS improved facial movement, swallowing efficiency, and speech intelligibility across respiratory, phonatory, and articulatory subsystems. Importantly, these improvements in facial articulator and speech subsystems control were specific to low-frequency (50-80 Hz) stimulation. These findings provide preliminary evidence that motor thalamus DBS can modulate corticobulbar circuitry to improve dysarthria and dysphagia following cerebral lesions.",nature_html,0
Wavelength-encoded neuromorphic inference enabled by microcavity MoS2 photodetector arrays,https://www.nature.com/articles/s41467-026-75808-w,Physical sciences : Nature Communications subject feeds,2026-07-18 00:00:00 UTC,2026-07-18 00:00:00+00:00,,Ningmu Zou,"Biological vision systems tightly couple spectral sensing with temporal integration to extract task-relevant information with minimal data movement. In contrast, conventional optoelectronic vision hardware typically separates photodetection from electronic computation, incurring substantial latency and energy costs. Optical neural networks can alleviate this bottleneck, but many implementations are difficult to scale. Here, we propose a bio-inspired optoelectronic inference architecture based on a Fabry-Perot microcavity-integrated MoS2 photodetector array, in which sensing, weighting, and accumulation are unified within each pixel. Cavity-engineered wavelength selectivity encodes neural-network weights in the spectral domain, while the finite carrier lifetime of MoS2 enables analog temporal accumulation without external memory. The system achieves test accuracies of 99.6%, 94.8% and 94.0% on MNIST, CIFAR-10 and the Free Spoken Digit Dataset, respectively. Post-training optical Hessian pruning further reduces optical complexity while maintaining robustness. This architecture provides a compact route toward wavelength-aware in-sensor neuromorphic inference.",nature_html,0
Resolving Abrikosov vortex entry in superconducting nanostring resonators via displacement-noise spectroscopy in cavity optomechanics,https://www.nature.com/articles/s41467-026-75676-4,Physical sciences : Nature Communications subject feeds,2026-07-18 00:00:00 UTC,2026-07-18 00:00:00+00:00,,Hans Huebl,"Abrikosov vortices in type-II superconductors influence current flow, dissipation and coherence, thereby limiting superconducting quantum technologies. In mesoscopic circuit elements, the entry and pinning of a single vortex can shift resonant frequencies, redistribute flux and degrade device performance. Here, we use a flux-mediated cavity-optomechanical platform, in which a suspended superconducting aluminum nanostring forms one arm of a SQUID terminating a microwave resonator, to investigate vortex-entry processes through nanomechanical elastic signatures. Operating at T ≈ 85 mK with 0.25 mT in-plane-field resolution, we resolve discrete jumps of the mechanical resonance frequency consistent with the stochastic entry of one or a few singly quantized Abrikosov vortices. Their field positions vary between thermal cycles, indicating disorder-mediated nucleation through a quenched pinning landscape. These events are superimposed on a smooth power-law stiffening background identified with the collective Campbell–Labusch elastic response. Recasting the jumps as equivalent force signatures yields attonewton-scale forces and, within a single-event pinning model, characteristic vortex-pinning energies of 0.09 − 0.44 eV. The smooth background gives a collective Labusch parameter of order 1014 N m−4. Our results establish cavity-optomechanical sensing as an in situ probe of vortex matter and identify vortex entry as a quantitative design constraint for flux-mediated superconducting quantum circuits.",nature_html,0
Morphogenic colloids,https://www.nature.com/articles/s41467-026-75586-5,Physical sciences : Nature Communications subject feeds,2026-07-18 00:00:00 UTC,2026-07-18 00:00:00+00:00,,Stefano Sacanna,"Morphogenesis is a dynamic process central to life, in which structure and compartmentalization arise to produce functional architectures. Replicating such transformations synthetically remains challenging because they emerge from tightly coupled physicochemical processes. Here, we report a minimal platform in which emulsion droplets exposed to amphiphilic triblock copolymers (BCPs) reproduce key features of biological morphogenesis through reversible shape morphing and topology transitions. Droplets undergo topological remodeling that leads to spontaneous and nonselective internalization of the surrounding aqueous phase, including suspended colloidal matter. In equilibrium, interfacial self-assembly of BCPs combined with droplet swelling stabilizes a spectrum of non-spherical morphologies that can be reversibly tuned by BCP concentration or temperature. These transitions can be induced synchronously across large populations of monodisperse droplets and permanently fixed via photopolymerization. This compositionally simple platform provides a tractable model for investigating the physical principles of morphogenesis while advancing colloidal systems toward biologically relevant complexity and life-like adaptability.",nature_html,0
Stable high-valent iridium single atoms for high-temperature CO2 electrolysis,https://www.nature.com/articles/s41467-026-75580-x,Physical sciences : Nature Communications subject feeds,2026-07-18 00:00:00 UTC,2026-07-18 00:00:00+00:00,,Xinhe Bao,"Single-atom catalysts (SACs) offer high atomic efficiency and catalytic activity but are prone to aggregation and degradation under high-temperature conditions. Here, we propose a thermally and electrochemically stable high-valent iridium single atom synthesis strategy based on strong metal-support interactions (SMSI) to enhance high-temperature CO2 electrolysis performance in solid oxide electrolysis cells (SOECs). The SMSI effect, in situ induced during high-temperature cell fabrication and operation, stabilizes the high-valent iridium single atom and simultaneously modulates the surface electronic structure of the La0.6Sr0.4FeO3−δ (LSF) cathode by weakening the Fe−O hybridization, finally promoting oxygen vacancy formation and enhancing CO2 adsorption and activation. This approach boosts the CO2-to-CO electrolysis current density by 80.8% relative to the pristine LSF cathode, achieving 3.02 A cm−2 at 800°C and 1.5 V with nearly 100% Faradaic efficiency and excellent stability over 600 h. These findings provide a viable strategy for designing thermally and electrochemically robust SACs for high-temperature catalytic reactions.",nature_html,0
Escape-induced temporally correlated noise driven crossover in growth kinetics and universality class,https://www.nature.com/articles/s41467-026-75545-0,Physical sciences : Nature Communications subject feeds,2026-07-18 00:00:00 UTC,2026-07-18 00:00:00+00:00,,Rajib Batabyal,"Universal behavior in far-from-equilibrium systems is driven by interactions between transport processes and noise structure. The Kardar-Parisi-Zhang (KPZ) framework predicts that extensions incorporating conserved currents or temporally correlated noise give rise to distinct growth morphologies and universality classes, yet direct experimental realization has remained elusive. Here, we report atomically resolved Sn thin-film growth on Sb-doped MnBi2Te4, revealing a sharp dynamical crossover between two fundamentally different regimes. Early-stage growth follows Villain-Lai-Das Sarma (VLDS) scaling, forming two-dimensional islands and stanene layers. Beyond a critical deposition time, temporally correlated noise becomes the dominant factor, driving the nucleation of α-Sn clusters, their development into faceted grains, and the coexistence of faceted β-Sn. Molecular dynamics simulations and Auger electron spectroscopy reveal that adatom escape serves as the microscopic origin of this temporally correlated noise, offering a mechanism for the observed universality crossover. These findings establish that temporal noise correlations can fundamentally alter the universality class of a growing interface, linking atomistic kinetics to emergent universal behavior.",nature_html,0
Learning ordinality-aware multimodal representations for composite materials design,https://www.nature.com/articles/s41467-026-75615-3,Physical sciences : Nature Communications subject feeds,2026-07-18 00:00:00 UTC,2026-07-18 00:00:00+00:00,,Ivor Tsang,"Composite materials design requires understanding complex microstructural characteristics, necessitating the integration of heterogeneous data sources with artificial intelligence. Current multimodal learning frameworks are mostly developed for crystalline or polymer systems with discrete structure-property mappings and well-defined structural graphs, but fail to model the continuous and nonlinear composite design spaces under data scarcity. Here we present ordinality as a core principle when building multimodal representations for composite materials. We propose ORDinal-aware imagE-tabulaR (ORDER) alignment to integrate microstructures with tabular material descriptors and apply physics-based surrogate signals to eliminate the need for full property annotation. ORDER ensures similar target properties occupy nearby regions in the latent space, preserving the continuous nature of composite properties and enabling meaningful interpolation between sparsely observed designs. Evaluated on nanofiber and carbon fiber composite datasets, ORDER consistently outperforms alignment-oriented and property-aware baselines across property prediction, cross-modal retrieval, and microstructure generation tasks.",nature_html,0
Scale-bridging interface design enables high-performance sustainable thermoelectrics,https://www.nature.com/articles/s41467-026-75865-1,Physical sciences : Nature Communications subject feeds,2026-07-18 00:00:00 UTC,2026-07-18 00:00:00+00:00,,Takao Mori,"Improving energy efficiency and reducing resource waste motivate sustainable thermoelectric technologies for harvesting low-grade heat. Yet achieving high-performance and durable systems remains challenging due to coupled transport and multiscale optimization. Here, we establish a scale-bridging interface-centric design strategy that links macroscopic junction engineering and microscopic interface modulation. Based on n-type Mg3(Sb, Bi)2 as the representative system and guided by comparative evaluation of device-level contact interfaces, we translate Mg2Ni into a scale-bridging interfacial phase in n-type Mg3(Sb, Bi)2: it forms low-resistance and thermally stable external junctions while, as an internal interfacial modifier, alleviating grain-boundary carrier scattering and strengthening phonon scattering. This scale-bridged interface design yields an average zT of 1.5 over 300 to 723 K with high thermal stability. By applying Mg2Ni as both an internal modifier and an external barrier layer, a two-pair module delivers a stable conversion efficiency of 8.3% when coupled with p-type MgAgSb, comparing favorably with representative Bi2Te3-based thermoelectric modules in terms of conversion efficiency under comparable temperature differences. This work establishes a bridging interface design framework that links device contact engineering with internal interface modulation, providing a practical route toward efficient and durable thermoelectric energy conversion.",nature_html,0
Imaging of gate-controlled suppression of superconductivity via the Meissner effect,https://www.nature.com/articles/s41467-026-75567-8,Physical sciences : Nature Communications subject feeds,2026-07-18 00:00:00 UTC,2026-07-18 00:00:00+00:00,,C. L. Degen,"It was recently discovered that supercurrents flowing through thin superconducting nanowires can be quenched by applying a gate voltage to a nearby gate electrode. This gate control of supercurrents, known as the GCS effect, could enable superconducting transistor logic. Here, we report that the GCS also manifests in a suppression of Meissner screening, establishing the phenomenon as a genuine feature of superconductivity that is not restricted to transport. Using a scanning nitrogen-vacancy (NV) magnetometer at sub-Kelvin temperatures, we image the nanoscale spatial region of GCS suppression in micron-size niobium islands. Our observations are compatible with a microscopic hot-spot model of quasiparticle generation and diffusion, and in conflict with other candidate mechanisms such as Joule heating or an electric field effect. Our work introduces an alternative means for studying quasiparticle dynamics in superconducting nanostructures, and showcases the power of local imaging techniques for understanding emergent condensed matter phenomena.",nature_html,0
Raphia hookeri seed-inspired weakly anisotropic nanocomposites,https://www.nature.com/articles/s41467-026-75719-w,Physical sciences : Nature Communications subject feeds,2026-07-18 00:00:00 UTC,2026-07-18 00:00:00+00:00,,Qunfeng Cheng,"The composites inspired by nacre, bone and teeth etc, often display anisotropic mechanical properties due to the high aspect ratio of their structural units, resulting in sudden failures under specific loading conditions. It still remains great challenge for fabricating the nanocomposites with weakly anisotropic mechanical properties. Herein, we discover the unique structure of the Raphia hookeri seed with a weakly anisotropic crack resistance in multiple directions. The remarkable mechanical properties stem from its tightly bonded, isodiametric cells and interlocking pits. Drawing inspiration from Raphia hookeri seed, we demonstrate an artificial Raphia hookeri seed nanocomposites by assembling layered polymethyl methacrylate-graphene microspheres with pits, which were then interwoven with polymethyl methacrylate to mimic the essential hierarchical structure. The artificial Raphia hookeri seed exhibits effective toughening performance across all crack orientations, and achieves a fracture toughness of up to 4.84 MPa m1/2 and specific toughness of 4.28 MPa m1/2/(Mg m−3), which are higher than both natural Raphia hookeri seed and previously fabricated weakly anisotropic polymer nanocomposites. The optimal distribution of pits and enhanced interfacial interactions between microspheres effectively inhibit crack propagation, contributing to the artificial Raphia hookeri seed’s superior toughness in all directions. This pit-enabled granular microsphere architecture provides an avenue for fabrication high-performance weakly anisotropic nanocomposites.",nature_html,0
Coordination electrochemistry taming reversible hypervalent bromine redox for energetic six-electron-transfer lithium-bromine battery,https://www.nature.com/articles/s41467-026-75860-6,Physical sciences : Nature Communications subject feeds,2026-07-18 00:00:00 UTC,2026-07-18 00:00:00+00:00,,Xinliang Li,"Conversion-type static bromine batteries demonstrate promise in high output voltage and large capacity for rechargeable energy storage due to the inherent polyvalent reaction potential. Nevertheless, the combination of the limited two-electron 2Br-/Br2 redox couple and the redox-inactive organic ligands presents a fundamental bottleneck for the overall specific energy. Herein, ethyl viologen dibromide is developed as an energetically active positive electrode for organic lithium-bromine batteries by efficient coordination chemistry, featuring an advanced six-electron redox mechanism triggered by both intercalation and conversion reactions. The activated redox couple of 2Br-/2Br+ incubates a collaborative increase in capacity (632.8 mAh g−1Br) and discharge voltage (3.7 V). Besides, ethyl viologen undergoes reversible two-step intercalation and extraction of Li+ ions, contributing to additional energy storage. Reciprocal spectroscopic characterizations and computational electrochemistry indicate the chemisorption effect and interhalogen confinement and detail the dynamic mass-charge transfer pathway. This work sets a paradigm worth emulating for designing high-performance halogen batteries.",nature_html,0
Delayed astrocyte development impairs Sema6a-Plxna2/4-mediated astrocyte-neuron crosstalk and causes depressive-like behavior,https://www.nature.com/articles/s41467-026-75697-z,Biological sciences : Nature Communications subject feeds,2026-07-18 00:00:00 UTC,2026-07-18 00:00:00+00:00,,Guoping Liu,"Neural functions and circuit formation rely on intricate crosstalk among various cell types during critical periods. Disruptions or delays in this crosstalk between neurons and astrocytes lead to abnormal neural functions and neurodevelopmental disorders. However, the lack of robust mouse models to study the crosstalk between astrocytes and neurons thus renders unclear the implications of impeding such interactions. In this study, we demonstrate that Egfr knockout during the critical period of neuronal maturation results in a transient absence of astrocytes, with recovery observed in adult mice. This model thus provides a unique opportunity to investigate the effects of impaired astrocyte-neuron communication during development. Mechanically, we show that loss of Egfr disrupts the Egfr-pERK-Epb41l2 signaling axis, which in turn prevents glial progenitor cells from migrating outward. More importantly, Egfr deficiency during the critical period compromises astrocyte-neuron communication via the Sema6a-Plxna2/4 ligand-receptor pair. This impaired intercellular crosstalk reduces neuronal dendritic complexity and excitability, ultimately culminating in depressive-like behaviors in adult mice.",nature_html,0
Coulomb interaction-stabilized isolated narrow bands with Chern numbers $${{\mathcal{C}}} > 1$$C>1 in twisted rhombohedral trilayer-bilayer graphene,https://www.nature.com/articles/s41467-026-74428-8,Physical sciences : Nature Communications subject feeds,2026-07-18 00:00:00 UTC,2026-07-18 00:00:00+00:00,,Cyprian Lewandowski,"Recently, fractional quantum anomalous Hall effects have been discovered in two-dimensional moiré materials when a topologically nontrivial band with Chern number C=1"" role=""presentation"">C=1{{\mathcal{C}}}=1 is partially doped. Remarkably, superlattice Bloch bands can carry higher Chern numbers that defy the Landau-level paradigm and may even host exotic fractionalized states with non-Abelian quasiparticles. Inspired by this exciting possibility, we propose twisted rhombohedral trilayer-bilayer graphene at θ ~ 1.2° as a field-tunable quantum anomalous Chern insulator that features spectrally-isolated, kinetically-quenched, and topologically-nontrivial bands with C=2,3"" role=""presentation"">C=2,3{{\mathcal{C}}}=2,3 favorable for fractional phases once fractionally doped, as characterized by their quantum geometry. Based on extensive self-consistent mean-field calculations, we show that these phases are stabilized by Coulomb interactions and are robust against variations in dielectric environment, tight-binding hopping parameters, and lattice relaxation.",nature_html,0
Cell‐Membrane‐Inspired Conjugated Microporous Thermoset Interface for High‐Rate and Durable Silicon Anodes,https://advanced.onlinelibrary.wiley.com/doi/10.1002/adma.74175?af=R,Wiley: Advanced Materials: Table of Contents,2026-07-18 11:44:57 UTC,2026-07-18 11:44:57+00:00,10.1002/adma.74175,Wei Liu,"ABSTRACT
                  
                    Silicon (Si) is a promising anode material for next‐generation lithium‐ion batteries due to its ultrahigh theoretical capacity, abundance, and favorable operating potential. However, its widespread application is limited by severe volume expansion, sluggish lithium‐ion transport, and unstable solid electrolyte interphase (SEI). Inspired by the multifunctional architecture of biological cell membranes, we report a facile and scalable strategy to construct a bio‐inspired protective interface via in situ formation of a conjugated microporous thermoset (CMT) coating on Si particles. This process involves simple hand‐mixing of a molecular precursor with Si, followed by a one‐step thermosetting treatment featuring sequential sublimation, melting, debromination, and polymerization, without the need for post‐processing. The resulting CMT interface offers micropores (∼0.5 nm) for selective Li
                    +
                    transport while excluding electrolyte and anions, a covalently crosslinked yet resilient network to accommodate mechanical strain, and tailored interfacial chemistry that induces a LiBr‐rich SEI to enhance Li
                    +
                    transport kinetics. As a result, the engineered Si@CMT anode achieves a high capacity of 3130.9 mAh g
                    −1
                    at 0.1 C, maintains 1811.8 mAh g
                    −1
                    at 3 C, and delivers 1838.8 mAh g
                    −1
                    after 250 cycles at 0.2 C. This practical and generalizable interfacial design offers a promising route toward scalable stabilization of high‐capacity anodes.",crossref,0
Tunable Extended Magnetic Non‐Fermi Liquid in Twisted Double Bilayer Graphene With Aligned hBN,https://advanced.onlinelibrary.wiley.com/doi/10.1002/adma.74210?af=R,Wiley: Advanced Materials: Table of Contents,2026-07-18 11:47:08 UTC,2026-07-18 11:47:08+00:00,10.1002/adma.74210,Feng Miao,"ABSTRACT
                  Twisted graphene heterostructures with highly tunable flat‐band electronic structures serve as an ideal platform for exploring novel correlated and topological quantum phases. While previous efforts have focused on the twist angle, the lattice alignment with the hBN substrate is another crucial parameter that breaks symmetry and reconstructs the band structure. However, its underlying mechanisms remain insufficiently explored, and extending it to a wider class of twisted graphene systems is urgently needed to uncover more exotic quantum phenomena. Here, we report the observation of tunable extended non‐Fermi liquid behavior in twisted double bilayer graphene (TDBG) encapsulated by aligned hBN layers. This NFL phase emerges on the hole‐doped side of the correlated insulating state near charge neutrality, spanning a broad range of carrier densities and exhibiting a carrier density–dependent resistance exponent. Notably, the NFL phase can re‐enter a correlated insulating state at higher doping levels. Combined with temperature‐dependent resistance, magnetotransport, and differential resistance measurements, these findings support a scenario where strong quantum fluctuations may emerge from the interplay between localized and itinerant carriers. Our work establishes a highly tunable platform beyond conventional frameworks to investigate the organizing principles of non‐Fermi liquid physics manifested in diverse behaviors.",crossref,0
Medium‐Entropy Amorphous Alloyed Single‐Atom Pd Catalysts for Direct Ethylene Glycol Fuel Cells,https://advanced.onlinelibrary.wiley.com/doi/10.1002/adma.74103?af=R,Wiley: Advanced Materials: Table of Contents,2026-07-18 11:48:58 UTC,2026-07-18 11:48:58+00:00,10.1002/adma.74103,Xun Wang,"ABSTRACT
                  
                    Precise regulation of the d‐band center of palladium (Pd) for targeted electrocatalysis held tremendous scientific and technological potential, yet achieving this via rational structural design remained challenging. Herein, we present medium‐entropy amorphous alloyed single‐atom (MEAASA) Pd nanosheets (NSs), wherein the d‐band center of Pd was delicately modulated to an optimal value via the synergistic effect of medium‐entropy alloying, single‐atom coordination, and oxyphilic Cr/Mo/W modification. The as‐synthesized PdCrMoW MEAASA NSs exhibited exceptional mass activities of 2.15 and 15.19 A mg
                    −
                    1
                    for the oxygen reduction reaction (ORR) and ethylene glycol oxidation reaction (EGOR), respectively, which were 15.4 and 4.4 times higher than those of commercial Pt/C. Experimental results suggested that the optimized d‐band center not only balanced the adsorption and activation of key intermediates but also suppressed CO formation via a non‐CO dominated pathway, enabling a 4 e
                    −
                    ORR process and a nearly complete 10 e
                    −
                    EGOR process with 91.5% C1 selectivity. In practical direct ethylene glycol fuel cells (DEGFCs), the PdCrMoW MEAASA NSs delivered a peak power density of 117 mW·cm
                    −
                    2
                    , markedly outperforming the state‐of‐the‐art commercial Pt/C catalyst.",crossref,0
Electrical Resistivity Change Upon Crystallization as a Robust Descriptor for Metallic Glass Forming Ability,https://advanced.onlinelibrary.wiley.com/doi/10.1002/adma.74092?af=R,Wiley: Advanced Materials: Table of Contents,2026-07-18 11:51:08 UTC,2026-07-18 11:51:08+00:00,10.1002/adma.74092,Dongwoo Lee,"ABSTRACT
                  Rapid identification of compositions with high glass forming ability (GFA) remains a major bottleneck in the discovery of new metallic glasses. Here we show that the electrical resistivity change induced by thermal annealing, a rapidly measurable parameter, serves as a robust descriptor of crystallization resistance for identifying high‐GFA compositions within given alloy systems. Combinatorial thin film libraries comprising ∼3500 distinct alloy compositions across multiple metallic glass‐forming systems reveal well‐defined compositional landscapes, in which regions of minimal resistivity change coincide with alloys exhibiting high GFA. This trend persists in melt‐spun ribbons and correlates directly with the crystallization kinetic parameters: alloys with smaller resistivity change exhibit lower Avrami exponents and higher activation energies of crystallization. As resistivity measurements require only seconds per composition point, more than two orders of magnitude faster than diffraction or calorimetry‐based characterization, the descriptor provides an efficient route for mapping microstructural stability across complex compositional spaces and enables rapid exploration of new bulk metallic glasses.",crossref,0
Ultralow‐Dispersion Silicon THz Photonic Crystal Interconnects for Multichannel Datalinks,https://advanced.onlinelibrary.wiley.com/doi/10.1002/adma.74150?af=R,Wiley: Advanced Materials: Table of Contents,2026-07-18 11:51:13 UTC,2026-07-18 11:51:13+00:00,10.1002/adma.74150,Ranjan Singh,"ABSTRACT
                  
                    All‐Silicon (Si) Terahertz (THz) interconnects are a key platform for next‐generation on‐chip communication, leveraging broadband photonics to connect reconfigurable electronics. Yet their potential remains largely unrealized, due to low reported data rates and a lack of systematic insight into the role of dispersion in on‐chip THz data links. We address these challenges by demonstrating aggregate data rates exceeding 400 Gbps through an on‐chip all‐Si broadband low‐dispersion THz photonic crystal waveguide‐interconnect. Seven data channels deliver 452 Gbps of complex‐modulated data, aided by the waveguide's low dispersion with group velocity dispersion (GVD) reaching as low as 2.9 ps
                    2
                    mm
                    −1
                    . Our THz waveguide interconnect delivers a record 9.81 Tbps aggregate figure of merit (FoM), outperforming prior THz waveguide data transfer reports. Our demonstration of high data rates, elucidating the role of GVD for on‐chip THz data interconnects, and superior FoMs pave the way for all‐Si THz photonic crystal waveguides as centimeter‐scale on‐chip interconnects for augmenting data center infrastructure.",crossref,0
Engineering Function‐Reversal Sacrificial Sites for Selective Volatile Aromatic Hydrocarbons Detection in Complex Environments,https://advanced.onlinelibrary.wiley.com/doi/10.1002/adma.74215?af=R,Wiley: Advanced Materials: Table of Contents,2026-07-18 11:52:13 UTC,2026-07-18 11:52:13+00:00,10.1002/adma.74215,Jiaqiang Xu,"ABSTRACT
                  
                    Accurately monitoring carcinogenic volatile aromatic hydrocarbons (BTXs) is crucial for assessing air‐qualities and danger‐classes in specific occasions, However, it remains challenging to conduct highly selective identification of them in complex environments. Here, we have developed a gas‐shunting strategy by installing function‐reversal ZnO materials into Ir‐WO
                    3
                    supports to diminish interference‐gas responses and guide special aromatic hydrocarbons sensing. We find that ZnO materials can serve as reactively sacrificial sites for small‐molecule H
                    2
                    S and CO and induce main aromatic hydrocarbons reactants into Ir‐WO
                    3
                    supports. This gas‐shunting route guarantees highly‐selective aromatic hydrocarbons sensing even in dual/ternary gas mixtures. Through integrating functional‐opposite sensors into a system, the final sensing arrays achieve 100% classification accuracy for 10 single gases and 75 multi‐compose gases with low training costs. In addition, we also show an autonomic “cruise‐detection” system by equipping sensor arrays into robotic dog to accurately identify complex gases. Our findings emphasize sensors designs with selective features and may broaden integrated sensing‐system analysis in complex environment.",crossref,0
Supramolecular STING‐Hydrogel Spatiotemporally Boosts Tumor‐Derived Extracellular Vesicle‐Based Personalized Vaccine for Enhanced Cancer Immunotherapy,https://advanced.onlinelibrary.wiley.com/doi/10.1002/adma.74204?af=R,Wiley: Advanced Materials: Table of Contents,2026-07-18 11:53:21 UTC,2026-07-18 11:53:21+00:00,10.1002/adma.74204,Feihu Wang,"ABSTRACT
                  Personalized vaccines represent a promising approach for cancer treatment by eliciting tumor‐specific immune responses. However, their development faces persistent challenges, including the laborious and costly process of neoantigen identification, which substantially delays vaccine production. Moreover, conventional platforms suffer from rapid systemic clearance and inefficient delivery to antigen‐presenting cells (APCs), leading to only transient and weak immune activation. Here, we report a STING‐agonist‐integrated hydrogel system designed for localized delivery of tumor‐derived extracellular vesicles (TEVs) to achieve robust and durable antitumor immunity. Upon subcutaneous administration, the in situ formed hydrogel vaccine acts as a depot for antigen‐rich TEVs and STING agonists. We demonstrate that this vaccine promotes dendritic cells (DCs) recruitment and establishes an immune‐permissive niche through spatiotemporal control over antigen‐adjuvant distribution and prolonged APC‐antigen engagement. Within this niche, DCs efficiently internalize and process TEVs under STING‐mediated activation. These matured DCs subsequently migrate to draining lymph nodes, where they initiate potent and sustained tumor‐specific T‐cell responses. Our results show that rapidly producible personalized vaccines derived from melanoma TEVs effectively inhibit tumor growth. In a postoperative breast cancer model, patient‐tailored TEV vaccines also markedly prevent tumor recurrence and metastasis. This readily customizable platform represents a robust and translatable strategy for personalized cancer immunotherapy.",crossref,0
Fabrication of High‐Resolution 3D Ceramic Electronics Via In Situ Laser‐Activated Selective Electroless Plating,https://advanced.onlinelibrary.wiley.com/doi/10.1002/adma.74140?af=R,Wiley: Advanced Materials: Table of Contents,2026-07-18 11:55:15 UTC,2026-07-18 11:55:15+00:00,10.1002/adma.74140,Ji Li,"ABSTRACT
                  
                    Customized 3D ceramic electronics are gaining attention for advanced electronics systems due to their exceptional thermal, electrical, and mechanical properties, coupled with the capability to precisely tailor their structural and functional designs to meet specialized application requirements. In this work, we propose a hybrid additive manufacturing approach that combines digital light processing and in situ laser‐activated electroless plating to fabricate high‐precision 3D ceramic electronics. A photopolymer containing low‐temperature co‐fired ceramic (LTCC) and antimony tin oxide (ATO) is developed for 3D printing and subsequent sintering processes. Then, the sintered 3D ceramic can be selectively laser activated in situ to convert the ATO into Sn
                    II
                    plating seeds, enabling metallization via electroless copper plating and electroless nickel immersion gold plating. To validate the feasibility and scalability of the proposed technology, a series of ceramic electronics, including 3D circuits with IC chips, high‐power LED circuits incorporating thermal management channels, and 3D UV sensors with an interdigital electrode array are successfully developed. This technology offers a new pathway for the rapid and cost‐effective customization of high‐performance 3D ceramic electronics, exhibiting great promise for driving innovation in advanced applications such as aerospace and satellite, advanced automotive systems, and next‐generation wireless communication technologies in harsh environments.",crossref,0
Chemically Programmed Prodrug Nanoparticles for Precise Oral Dopamine Delivery to Deep Brain Regions in Parkinson's Disease,https://advanced.onlinelibrary.wiley.com/doi/10.1002/adma.74148?af=R,Wiley: Advanced Materials: Table of Contents,2026-07-18 11:56:22 UTC,2026-07-18 11:56:22+00:00,10.1002/adma.74148,Hsing‐Wen Sung,"ABSTRACT
                  
                    Parkinson's disease (PD) is characterized by progressive degeneration of dopaminergic neurons in the inflamed substantia nigra, resulting in striatal dopamine (DA) depletion and severe motor dysfunction. Here, we report a chemically programmed, inflammation‐responsive prodrug nanoparticle (NP) system—β‐glucans–DA(OAc)
                    2
                    NPs—that enables precise oral gut‐to‐brain delivery of DA into deep brain regions. In this design, the acetylated DA prodrug DA(OAc)
                    2
                    is conjugated to β‐glucans via a reactive oxygen species (ROS)–cleavable thioketal linker, thereby preventing DA autooxidation, enhancing stability during transit, and ensuring selective activation at neuroinflammatory sites. Following oral administration in PD mice, the NPs are recognized by Dectin‐1, internalized by intestinal macrophages, and trafficked through the lymphatic and systemic circulation to cross the blood–brain barrier, ultimately homing specifically to the inflamed substantia nigra in the deep brain. Within this pathological niche, dual responsiveness to elevated ROS and enzymatic activity triggers controlled prodrug cleavage, sustained DA regeneration, and restoration of striatal DA via the nigrostriatal pathway, ultimately rescuing motor function. This inflammation‐guided, modular prodrug platform provides a noninvasive and precise strategy for dopaminergic therapy, underscoring its potential as a transformative approach for PD management.",crossref,0
Solvent‐Guided Chiral Assemblies and Chemical Doping of OEG‐Functionalized Conjugated Polymers,https://advanced.onlinelibrary.wiley.com/doi/10.1002/adma.74130?af=R,Wiley: Advanced Materials: Table of Contents,2026-07-18 11:56:57 UTC,2026-07-18 11:56:57+00:00,10.1002/adma.74130,Ying Diao,"ABSTRACT
                  Chiral assembly of achiral conjugated polymers has emerged as a new avenue to promote (opto)electronic properties and control the angular momentum of charge carriers and photons. Solvent plays a key role in chiral emergence through the lyotropic liquid crystal (LLC) assembly pathway, yet rules underpinning solvent effect remain elusive. Here, we establish a unifying framework linking solvent quality to aggregate structure and supramolecular chirality. Using redox active conjugated polymers as model systems, we reveal two types of solution aggregation: (1) β1 aggregation, defined by fibrillar structures with weak interchain coupling and torsional backbone, promotes LLC‐mediated chiral assemblies via formation of helical fibers; (2) β2 aggregation, characterized by stacked fibrils with strong interchain coupling and reduced backbone torsion, suppresses chirality. Temperature‐dependent studies show that β2 aggregates revert to β1 upon heating, thus restoring chiral assemblies. Extending to 6 conjugated polymers across 37 polymer–solvent–temperature combinations, we demonstrate the universal link between aggregate type and chiral emergence. Further, chemical doping of chiral films derived from β1 aggregates elevates electrical conductivity by up to 100‐fold across nine polymer–solvent pairs spanning a wide range of processing conditions. These findings reveal general principles for solvent‐guided chiral assembly enabling high‐performance chiral electronics, optoelectronics and spintronics.",crossref,0
Fluorinated Deep Eutectic Gel Electrolytes with Simultaneously Enhanced Mechanical Strength and Ionic Conductivity for Solid‐State Lithium Metal Batteries,https://advanced.onlinelibrary.wiley.com/doi/10.1002/adma.74180?af=R,Wiley: Advanced Materials: Table of Contents,2026-07-18 11:58:04 UTC,2026-07-18 11:58:04+00:00,10.1002/adma.74180,Shanqing Zhang,"ABSTRACT
                  
                    Gel polymer electrolytes for lithium‐metal batteries face an inherent trade‐off between mechanical strength and ionic conductivity. Herein, we present a molecular‐level strategy that harnesses competitive hydrogen‐bonding interactions to spontaneously generate a nanoscale phase‐separated architecture in the deep eutectic gel (DEG) electrolyte. Through one‐step in‐situ copolymerization of acrylamide and
                    N,N
                    ‐dimethylacrylamide within a trifluoromethyl‐functionalized deep eutectic solvent comprising
                    N
                    ‐methyl‐2,2,2‐trifluoroacetamide (TNMA) and lithium bis(trifluoromethanesulfonyl)imide (LiTFSI), an interpenetrating network is formed, in which rigid polyacrylamide‐rich domains reinforce the matrix while polydimethylacrylamide‐rich channels facilitate ion transport. Driven by the competition between polymer–polymer and polymer–solvent hydrogen bonds, the resulting DEG electrolyte achieves an exceptional ionic conductivity of 2.99 mS cm
                    −1
                    at 30°C, an excellent Li
                    +
                    transference number of 0.78, and a remarkable tensile strength of 11.4 MPa with 473% elongation. Meanwhile, TNMA, together with TFSI
                    −
                    , regulates the Li
                    +
                    solvation structure and interfacial chemistry, promoting the formation of a LiF‐rich interphase through fluorinated‐solvent‐ and anion‐involved interfacial reactions. The resulting Li||Li symmetric cells operate for over 3500 hours (0.1 mA cm
                    −2
                    ), and Li|DEG|NCM811 cells retain 77.5% capacity after 400 cycles at 2 C. This work establishes competitive molecular interactions as a design principle for next‐generation gel polymer electrolytes.",crossref,0
A Fluorine‐Free Solvent Based on Dual Descriptors for Ultrawide‐Temperature Lithium Metal Batteries (−105°C to 70°C),https://advanced.onlinelibrary.wiley.com/doi/10.1002/adma.74179?af=R,Wiley: Advanced Materials: Table of Contents,2026-07-18 11:59:51 UTC,2026-07-18 11:59:51+00:00,10.1002/adma.74179,Yulin Ma,"ABSTRACT
                  
                    Fluorinated solvents are widely employed in electrolytes for lithium metal batteries (LMBs) due to their broad liquid‐phase temperature range. However, their use entails significant challenges, including undesirable interfacial parasitic reactions at elevated temperatures and lithium‐salt precipitation at low temperatures. In this study, we propose a fluorine‐free electrolyte design strategy based on synergistic optimization of molecular geometry and electron density distribution. The tailored solvent, 2‐ethylbutyl acetate (2EA), plays a critical role in modulating intermolecular interactions and Li
                    +
                    coordination. The 2‐ethylbutyl group introduces substantial steric hindrance while exerting electron‐donating inductive effects, thereby effectively weakening the binding affinity between carbonyl oxygen and Li
                    +
                    . Concurrently, steric hindrance inhibits intermolecular interaction of solvent molecules at cryogenic temperatures, resulting in an ultra‐low melting point (below −100°C). Furthermore, the synergistic steric and electronic effects reorganize the solvation structure into an anion‐dominated configuration, facilitating Li
                    +
                    desolvation and promoting a robust, inorganic‐rich interphase. As a result, the 2EA‐based electrolyte enables high‐voltage Li||LiCoO
                    2
                    cells to achieve exceptional cycling stability (80% capacity retention after 1500 cycles at 25°C), remarkable rate capability (90% capacity retention at 10°C), and stable operation over an ultrawide temperature range from −60°C to 70°C.",crossref,0
Field‐Programmed Anisotropy in Magneto‐Piezoelectric Composites for Material‐Encoded Mechanoperception,https://advanced.onlinelibrary.wiley.com/doi/10.1002/adma.73967?af=R,Wiley: Advanced Materials: Table of Contents,2026-07-18 12:00:25 UTC,2026-07-18 12:00:25+00:00,10.1002/adma.73967,Minjeong Ha,"ABSTRACT
                  
                    Decoupling superposed force vectors along spatially distinct axes is a prerequisite for artificial somatosensation in soft intelligent systems. Although polymer‐piezoelectric composites offer essential compliance, randomly distributed nanofillers result in a loss of inherent polar directionality and macroscopic anisotropy, which prevents force‐vector discrimination. Here, we address this challenge by encoding force‐mode selectivity into magneto‐piezoelectric composites via field‐programmed anisotropy. Guided by a rigorous torque‐balance framework, we achieve the deterministic spatial alignment of Fe
                    3
                    O
                    4
                    ‐decorated BaTiO
                    3
                    nanowires within a shape‐memory polymer matrix. The resulting axially aligned hierarchical percolation networks serve as continuous load‐transfer pathways to concentrate mechanical stress along the principal axes of the nanowires while suppressing off‐axis interference. Such structure‐driven anisotropy in electromechanical coupling maximizes piezoelectric transduction efficiency and empowers the nanocomposite to intrinsically distinguish force modalities. By upscaling the intrinsic anisotropy of piezoelectric nanowires to the macroscopic composite level, our approach defines a physical basis for material‐encoded mechanoperception. Our findings establish a versatile platform for soft embodied intelligence that offers vector‐resolved somatosensory capabilities at the material level.",crossref,0
Asymmetric Zn─N3O1 Single‐Atom Sites Promote Hydroxyl Radical Generation for Natural‐Light‐Driven Inactivation of Drug‐Resistant Bacteria,https://advanced.onlinelibrary.wiley.com/doi/10.1002/adma.74222?af=R,Wiley: Advanced Materials: Table of Contents,2026-07-18 12:01:35 UTC,2026-07-18 12:01:35+00:00,10.1002/adma.74222,Dai‐Bin Kuang,"ABSTRACT
                  
                    Waterborne drug‐resistant bacteria pose a serious global health threat, underscoring the urgent need for highly efficient disinfection strategies. The photocatalytic generation of hydroxyl radicals (•OH) represents a green and powerful route for bacterial inactivation, yet its efficiency is often limited by the sluggish kinetics of the stepwise single‐electron oxygen reduction pathway. Herein, we report an atomic‐level design strategy by anchoring asymmetric Zn─N
                    3
                    O
                    1
                    sites onto ultrathin graphitic carbon nitride nanosheets (Zn
                    1
                    /OCN) to accelerate •OH production. The introduced Zn─N
                    3
                    O
                    1
                    sites create localized intermediate states that enable rapid trapping of photogenerated electrons at Zn single‐atom sites and prolong their lifetime, thereby driving a stepwise single‐electron oxygen reduction reaction (ORR) for efficient •OH generation. Simultaneously, adjacent C═O moieties act as hole‐trapping centers to drive water oxidation reaction (WOR), establishing a local reservoir of H
                    2
                    O
                    2
                    and protons that couples with the ORR process, thus forming a cooperative redox pathway for enhanced •OH production. Additionally, these asymmetric sites effectively lower the formation energies of *OOH and *OH intermediates, thereby accelerating both ORR and WOR processes and facilitating •OH generation. Consequently, Zn
                    1
                    /OCN achieves outstanding bactericidal performance, inactivating 99.9% of drug‐resistant bacteria, within 30 min under natural light, markedly outperforming representative photocatalytic antibacterial materials reported to date.",crossref,0
Beyond Intrinsic Limits: Polarization‐Sensitive Carrier Dynamics Amplify Subtle Intrinsic Optical Anisotropy into Giant Linear Dichroism,https://advanced.onlinelibrary.wiley.com/doi/10.1002/adma.74211?af=R,Wiley: Advanced Materials: Table of Contents,2026-07-18 12:02:09 UTC,2026-07-18 12:02:09+00:00,10.1002/adma.74211,Wenping Hu,"ABSTRACT
                  
                    Filterless polarization‐resolved photodetection is attractive for compact optoelectronic systems, but its polarization contrast is fundamentally constrained by the low intrinsic absorption anisotropy of semiconductors. Here, we introduce polarization‐sensitive carrier dynamics (PSCD), a design principle that shifts polarization discrimination from static absorption anisotropy to the time evolution of photocarrier populations. We implement PSCD in a nonvolatile floating‐gate phototransistor by integrating a molecularly thin p‐type organic single crystal with a two‐dimensional covalent organic framework floating gate. Orthogonal linearly polarized light generates different photogeneration rates in the anisotropic crystal, which induce distinct optical‐erasure kinetics and temporally divergent recovery of the channel hole population. Consequently, the absorption linear dichroism ratio (LDR) of 3.4 is dynamically amplified by over four orders of magnitude, reaching a transient photocurrent LDR of 3.6 × 10
                    4
                    under optimized bias conditions. The device further maintains strong polarization discrimination under partially polarized illumination, achieving a transient photocurrent LDR of 9.8 × 10
                    2
                    at a degree of linear polarization of 0.3. These results establish time‐domain amplification of weak optical anisotropy through carrier‐dynamic modulation as a strategy for filterless, high‐contrast polarimetric sensing in compact optoelectronic platforms.",crossref,0
Directing Assembly of Mesoscale Multi‐Shell Morphologies of DNA Origami Crystals,https://advanced.onlinelibrary.wiley.com/doi/10.1002/adma.74118?af=R,Wiley: Advanced Materials: Table of Contents,2026-07-18 12:03:18 UTC,2026-07-18 12:03:18+00:00,10.1002/adma.74118,Oleg Gang,"ABSTRACT
                  
                    Nature builds hierarchically ordered materials, such as seashells, wood, and bones, through spatially and temporally regulated growth. Mimicking such a level of control in synthetic systems remains challenging, particularly in achieving multiscale organizations with prescribed nanoscale arrangements and desired material morphologies. In this study, we introduce a DNA‐based self‐assembly strategy for constructing diverse multi‐shell mesoscale morphologies from nanoscale lattices, enabling prescribed structural, and compositional 3D material patterns. Using DNA origami frames as modular monomers, we direct anisotropic epitaxial growth through addressable DNA frame binding motifs and encapsulate nanoparticles (NPs) in desired 3D patterns. Sequential monomer addition under thermodynamically favorable conditions enables shell growth through heterogeneous nucleation while minimizing unwanted homogeneous nucleation. We demonstrate that DNA‐encoded addressability enables epitaxial shell growth along specific lattice directions, yielding crystals with multilayered mesoscale organization, including tube‐like (
                    sushi roll
                    ) and plate‐like (
                    macaron
                    ) morphologies. Shell‐specific NP configurations and compositions are achieved through addressable and differentiated placement of NPs within each shell, as validated by small‐angle x‐ray scattering and cross‐sectional scanning transmission electron microscopy. We further demonstrate addressable NP release and reveal that shells modulate release kinetics. Together, these findings establish a platform for fabricating DNA origami crystals with programmable mesoscale morphologies, nanoscale structure, composition, and transport properties.",crossref,0
Chloride‐Bridge Reshaped Electric Double Layer Enables Oriented Deposition for High‐Performance Aqueous Aluminum Ion Batteries,https://advanced.onlinelibrary.wiley.com/doi/10.1002/adma.74195?af=R,Wiley: Advanced Materials: Table of Contents,2026-07-18 12:04:16 UTC,2026-07-18 12:04:16+00:00,10.1002/adma.74195,Jiarui He,"ABSTRACT
                  
                    Aqueous aluminum‐ion batteries (AAIBs) have emerged as a promising candidate for large‐scale energy storage. However, the strong solvation of Al
                    3+
                    ions and the formation of passivating oxide layers impede interfacial charge‐transfer kinetics, resulting in progressive performance degradation during prolonged cycling. Herein, a chloride‐bridge strategy is proposed by employing trichloroethanol (TCE) as an additive that spontaneously self‐assembles at the electrolyte/electrode interface to form a chloride‐bridge‐rich molecular layer. The resulting chloride‐bridge framework reorganizes the electric double layer (EDL), accelerates interfacial charge‐transfer kinetics, and promotes uniform Al
                    3+
                    deposition with a preferred (111) crystallographic orientation. The tailored interface sustains highly reversible Al deposition/stripping for over 800 h with low polarization and enhances the FeCoPBA full‐cell lifetime from fewer than 50 cycles in the OTF electrolyte to 150 at 100 mA g
                    −1
                    and 300 cycles at 200 mA g
                    −1
                    . Furthermore, the PANI cathode delivers 116 mAh g
                    −1
                    after 200 cycles at 100 mA g
                    −1
                    and remains stable over 350 cycles at 200 mA g
                    −1
                    , whereas the OTF electrolyte retains only 46 mAh g
                    −1
                    after 200 cycles at the same current rate. This work establishes a chloride‐bridge‐mediated interfacial engineering strategy for accelerating interfacial charge‐transfer kinetics and enabling durable AAIBs.",crossref,0
Cell Selective STING‐Activating Polysaccharide Immunomodulators for Cancer Therapy,https://advanced.onlinelibrary.wiley.com/doi/10.1002/adma.74178?af=R,Wiley: Advanced Materials: Table of Contents,2026-07-18 12:07:16 UTC,2026-07-18 12:07:16+00:00,10.1002/adma.74178,Hongping Deng,"ABSTRACT
                  Activation of the stimulator of interferon genes (STING) signaling pathway represents a robust strategy to reverse tumor immunosuppressive microenvironment (TIME) for cancer therapy. However, selective STING activation and its quantitative comparison across heterogeneous cell populations remain a tremendous challenge. Herein, we engineered a type of selective STING‐activating polysaccharide immunomodulators (SSAPIs) with quantitative STING activation efficiency across tumor cell, macrophage, and dendritic cell (DC). Dextran as an immune cell targeting nanocarrier was employed to improve drug delivery to macrophage and DC, and to avoid the impact of macromolecular self‐assembly on drug release kinetics. The STING agonist (DMXAA) was conjugated to dextran via defined linkers to control the selectivity of STING activation in different cell populations. In vitro experiments quantitively revealed the enhanced STING activation of the ester linker SSAPI (DESX) in macrophage, while the disulfide linker SSAPI (DSSX) prompted STING activation across tumor cell and immune cell. In B16F10 and CT26 tumor‐bearing mice models, DSSX exhibited much superior antitumor efficacy with six out of eight complete tumor remission by inducing broad immune responses across diverse cell populations to reprogram TIME. Collectively, this work highlights the significance of activating the STING signaling pathway across cell populations in solid tumor for cancer immunotherapy.",crossref,0
Giant Anisotropy and High Second‐Order Nonlinearity of 3R‐MoS2 for Multifunctional Photonics,https://advanced.onlinelibrary.wiley.com/doi/10.1002/adma.74029?af=R,Wiley: Advanced Materials: Table of Contents,2026-07-18 12:09:44 UTC,2026-07-18 12:09:44+00:00,10.1002/adma.74029,Valentyn Volkov,"ABSTRACT
                  
                    The miniaturization of photonic circuits is impeded by the difficulty of combining active nonlinear frequency conversion with passive subdiffractional light guiding. Here, we establish a rhombohedral 3R‐polytype of MoS
                    2
                    (3R‐MoS
                    2
                    ) as a multifunctional platform resolving this challenge. Unlike its centrosymmetric 2H counterpart, 3R‐MoS
                    2
                    preserves broken inversion symmetry in the bulk, enabling scalable second‐order nonlinearity. Challenging the assumption of identical linear properties between polytypes, we reveal that 3R‐MoS
                    2
                    not only possesses a giant optical anisotropy similar to 2H, but also exceeds it. By determining the full dielectric tensor, we demonstrate that this anisotropy enables extreme skin‐depth (e‐skid) waveguides capable of subdiffractional light confinement, achieving mode sizes nearly 20% below the diffraction limit. Furthermore, we harness the combination of our measured giant in‐plane refractive index and high optical nonlinearity to tune the Fabry–Pérot (FP) resonator and enhance second‐harmonic (SH) generation at a given wavelength, yielding an effective nonlinear response of 1.2 nm/V. These findings bridge the gap between active and passive functionalities, positioning 3R‐MoS
                    2
                    as a solution for high‐density multifunctional nanophotonic integration.",crossref,0
An Eco‐Efficient and Sustainable Strategy for Fabricating High‐Strength Agricultural Fibers,https://advanced.onlinelibrary.wiley.com/doi/10.1002/adma.74131?af=R,Wiley: Advanced Materials: Table of Contents,2026-07-18 12:11:18 UTC,2026-07-18 12:11:18+00:00,10.1002/adma.74131,Zhaoling Li,"ABSTRACT
                  
                    High‐value utilization of renewable biomass resources is of great significance for achieving ecological and societal sustainability. It remains highly desirable to convert agricultural residues into high‐performance regenerated cellulose fibers in a green and scalable manner. However, the fabrication of superior agricultural regenerated fibers is demanding due to the inherent anti‐depolymerization structure and low degree of polymerization of agricultural cellulose. Here, we demonstrated a recyclable and eco‐efficient process enabling the selective extraction of cellulose from agricultural residues using a novel acid deep eutectic solvent system, and proposed a stretch‐induced alignment and spatial confinement strategy to realize scalable fabrication of high‐strength and high‐toughness regenerated fibers. The deep eutectic solvent presented efficient delignification and tailoring capacity for agricultural residue, yielding cellulose with a high purity of 91.2% and a crystallinity of 72.6%. The resultant fibers addressed the intrinsic limitations of agricultural cellulose through the formation of aligned nanofibril structures and densified hydrogen‐bonding networks, exhibiting a tensile strength of 852 MPa and a toughness of 110 MJ m
                    −3
                    . This work establishes a foundational pathway for producing high‐performance bio‐based fibers derived from agricultural residues, advancing sustainable materials innovation and circular bioeconomy development.",crossref,0
Comparative Analysis of Work Function Measurement Techniques Based on Scanning Probe Microscopy,https://advanced.onlinelibrary.wiley.com/doi/10.1002/adma.74141?af=R,Wiley: Advanced Materials: Table of Contents,2026-07-18 12:15:02 UTC,2026-07-18 12:15:02+00:00,10.1002/adma.74141,Artem Odobesko,"ABSTRACT
                  In this study, we compare three scanning probe techniques— spectroscopy, field‐emission resonances (FER), and Kelvin probe force spectroscopy (KPFS)—for quantitative local work function measurements. Using Ag(111) as a reference and applying the methods to Ir(111) and Au(111), we find a strong method dependence.  spectroscopy shows substantial uncertainty due to broad data dispersion and is reliable only on flat surfaces. We show that the triangular‐barrier FER extrapolation method lacks robustness, whereas numerical FER analysis based on an image potential‐corrected Schrödinger model yields consistent values. KPFS provides the most direct and reliable work function determination once the tip is calibrated. Applying these methods to superconducting Nb, we extract the work functions of (111) and (110) surfaces and its distinct oxygen‐reconstructed phases.",crossref,0
Connecting Europe through hydrogen: Cost allocation analysis of cross-border pipeline coalitions under varying subsidy policies,https://www.sciencedirect.com/science/article/pii/S030142152600426X?dgcid=rss_sd_all,ScienceDirect Publication: Energy Policy,2026-07-19 00:00:00 UTC,2026-07-19 00:00:00+00:00,,Tamás Solymosi,,,0
Comprehensive system level modeling of anion exchange membrane water electrolysis for high efficiency hydrogen production,https://www.sciencedirect.com/science/article/pii/S0306261926011360?dgcid=rss_sd_all,ScienceDirect Publication: Applied Energy,2026-07-19 00:00:00 UTC,2026-07-19 00:00:00+00:00,,Sanggyu Kang,,,0
Heating system decarbonization decisions in homeowner associations: a Bayesian learning agent-based model,https://www.sciencedirect.com/science/article/pii/S0306261926011384?dgcid=rss_sd_all,ScienceDirect Publication: Applied Energy,2026-07-19 00:00:00 UTC,2026-07-19 00:00:00+00:00,,Qi Han,,,0
Development of switching-aware model predictive control solutions for fixed-frequency residential air conditioners,https://www.sciencedirect.com/science/article/pii/S0306261926011475?dgcid=rss_sd_all,ScienceDirect Publication: Applied Energy,2026-07-19 00:00:00 UTC,2026-07-19 00:00:00+00:00,,Zhe Wang,,,0
Degradation-aware design and lifetime evaluation of hydrogen hybrid marine energy systems,https://www.sciencedirect.com/science/article/pii/S0306261926011293?dgcid=rss_sd_all,ScienceDirect Publication: Applied Energy,2026-07-19 00:00:00 UTC,2026-07-19 00:00:00+00:00,,Andrea Coraddu,,,0
Coordinated optimal dispatch of storage-like resources based on dynamic feasible operation region aggregation,https://www.sciencedirect.com/science/article/pii/S0306261926010986?dgcid=rss_sd_all,ScienceDirect Publication: Applied Energy,2026-07-19 00:00:00 UTC,2026-07-19 00:00:00+00:00,,Chongqing Kang,,,0
Robust optimization for the application strategy of medical waste plasma gasification integrated with other waste treatments,https://www.sciencedirect.com/science/article/pii/S0306261926011281?dgcid=rss_sd_all,ScienceDirect Publication: Applied Energy,2026-07-19 00:00:00 UTC,2026-07-19 00:00:00+00:00,,Adam Tsan Sheng Ng,,,0
Integrated process design and techno-economic evaluation of electro-sustainable aviation fuel (e-SAF),https://www.sciencedirect.com/science/article/pii/S0306261926010937?dgcid=rss_sd_all,ScienceDirect Publication: Applied Energy,2026-07-19 00:00:00 UTC,2026-07-19 00:00:00+00:00,,Wei-Cheng Wang,,,0
Dual-consensus federated electricity market coordination for privacy-preserving and democratisation-aware trading across interconnected energy communities,https://www.sciencedirect.com/science/article/pii/S0306261926011220?dgcid=rss_sd_all,ScienceDirect Publication: Applied Energy,2026-07-19 00:00:00 UTC,2026-07-19 00:00:00+00:00,,Payam Teimourzadeh Baboli,,,0
Composite phase change materials-integrated thermal management strategy for thermo-electrical coupling components dispatch,https://www.sciencedirect.com/science/article/pii/S0306261926011086?dgcid=rss_sd_all,ScienceDirect Publication: Applied Energy,2026-07-19 00:00:00 UTC,2026-07-19 00:00:00+00:00,,Xinxi Li,,,0
An integrated energy–carbon–economic assessment of building decarbonization at city scale,https://www.sciencedirect.com/science/article/pii/S0306261926010603?dgcid=rss_sd_all,ScienceDirect Publication: Applied Energy,2026-07-19 00:00:00 UTC,2026-07-19 00:00:00+00:00,,Zhe Wang,,,0
A novel approach for fault location and defect quantification in large-scale photovoltaic plants,https://www.sciencedirect.com/science/article/pii/S030626192601113X?dgcid=rss_sd_all,ScienceDirect Publication: Applied Energy,2026-07-19 00:00:00 UTC,2026-07-19 00:00:00+00:00,,Carlos Quiterio Gómez Muñoz,,,0
Physics-informed machine learning-based adaptive predictive control for energy-efficient hybrid-cooled data centers management,https://www.sciencedirect.com/science/article/pii/S0306261926010688?dgcid=rss_sd_all,ScienceDirect Publication: Applied Energy,2026-07-19 00:00:00 UTC,2026-07-19 00:00:00+00:00,,Poh-Seng Lee,,,0
Digital twin-in-the-loop energy management for grid-edge flexibility in electrified residential buildings,https://www.sciencedirect.com/science/article/pii/S030626192601072X?dgcid=rss_sd_all,ScienceDirect Publication: Applied Energy,2026-07-19 00:00:00 UTC,2026-07-19 00:00:00+00:00,,Javad Fattahi,,,0
A physics-guided neural network with battery constraint mechanism for state-of-energy estimation of lithium-ion batteries,https://www.sciencedirect.com/science/article/pii/S0306261926010111?dgcid=rss_sd_all,ScienceDirect Publication: Applied Energy,2026-07-19 00:00:00 UTC,2026-07-19 00:00:00+00:00,,Linhui Zhao,,,0
Refined PEMEL operation of hydrogen-integrated islanded microgrid via penalized sensitivity region-based robust optimization,https://www.sciencedirect.com/science/article/pii/S0306261926011219?dgcid=rss_sd_all,ScienceDirect Publication: Applied Energy,2026-07-19 00:00:00 UTC,2026-07-19 00:00:00+00:00,,Rahman Daiyan,,,0
Integrity-first control of direct air capture systems under carbon certifiability constraints,https://www.sciencedirect.com/science/article/pii/S0306261926010846?dgcid=rss_sd_all,ScienceDirect Publication: Applied Energy,2026-07-19 00:00:00 UTC,2026-07-19 00:00:00+00:00,,Ahmet Çakanel,,,0
"Dynamic and synergic effects of energy transition, carbon policy and trade conflicts: A mixed-frequency approach",https://www.sciencedirect.com/science/article/pii/S0301421526004222?dgcid=rss_sd_all,ScienceDirect Publication: Energy Policy,2026-07-19 00:00:00 UTC,2026-07-19 00:00:00+00:00,,Yifei Lv,,,0
Assessing state biodiversity conservation planning and large-scale wind and solar energy development in the United States,https://www.sciencedirect.com/science/article/pii/S0301421526004465?dgcid=rss_sd_all,ScienceDirect Publication: Energy Policy,2026-07-19 00:00:00 UTC,2026-07-19 00:00:00+00:00,,Rebecca R. Hernandez,,,0
Multi-time scale operation simulation method considering extreme weather and frequency security: exploiting the multi-dimensional support capability of energy storage,https://www.sciencedirect.com/science/article/pii/S0306261926011372?dgcid=rss_sd_all,ScienceDirect Publication: Applied Energy,2026-07-19 00:00:00 UTC,2026-07-19 00:00:00+00:00,,Jifeng Liang,,,0
